	pfam	type	clan_name	msa_width	msa_depth	percent_gaps	possible_pairs	in_split0	in_split1	in_OOD_valid
0	PF00389	Domain	CL0063	363	78	0.1299357208448117	3003.0	True	False	False
1	PF00198	Domain	CL0149	299	69	0.2280548688866269	2346.0	False	True	False
2	PF21734	Repeat	CL0186	373	14	0.069130601302183	91.0	False	False	True
3	PF00244	Repeat	CL0020	300	137	0.2567639902676399	9316.0	False	False	True
4	PF16998	Family	CL0500	122	6	0.0614754098360655	15.0	False	True	False
5	PF02826	Domain	CL0063	258	133	0.3099318062598356	8778.0	True	False	False
6	PF10417	Domain		55	37	0.2904176904176904	666.0	False	True	False
7	PF12574	Family		240	2	0.0145833333333333	1.0	True	False	False
8	PF09847	Family	CL0181	504	7	0.1193310657596371	21.0	False	False	True
