	pairID	ancestor	descendant	TREEDIST_anc-to-desc	perc_seq_id	anc_seq_len	desc_seq_len	alignment_len	num_matches	num_subs	num_ins	num_dels	pfam	clan	type	pfam_Nseqs	original_loc
0	FW_PF00198_p0	A7HBV2_ANADF/220-451	Q5SLR1_THET8/217-449	0.87556	0.5043103448275862	232	233	233	117	115	1	0	PF00198	CL0149	Domain	69	CHERRIES_split1/PF00198_metadata.tsv
1	RV_PF00198_p0	Q5SLR1_THET8/217-449	A7HBV2_ANADF/220-451	0.87556	0.5043103448275862	233	232	233	117	115	0	1	PF00198	CL0149	Domain	69	CHERRIES_split1/PF00198_metadata.tsv
2	FW_PF00198_p1	A0LSF1_ACIC1/217-449	O45279_CAEEL/97-322	1.36285	0.4247787610619469	233	226	235	96	128	2	9	PF00198	CL0149	Domain	69	CHERRIES_split1/PF00198_metadata.tsv
3	RV_PF00198_p1	O45279_CAEEL/97-322	A0LSF1_ACIC1/217-449	1.36285	0.4247787610619469	226	233	235	96	128	9	2	PF00198	CL0149	Domain	69	CHERRIES_split1/PF00198_metadata.tsv
4	FW_PF00198_p2	A8Z6A0_SULMW/148-370	Q8IJJ4_PLAF7/416-640	1.79561	0.3139013452914798	223	225	232	70	146	9	7	PF00198	CL0149	Domain	69	CHERRIES_split1/PF00198_metadata.tsv
5	RV_PF00198_p2	Q8IJJ4_PLAF7/416-640	A8Z6A0_SULMW/148-370	1.79561	0.3139013452914798	225	223	232	70	146	7	9	PF00198	CL0149	Domain	69	CHERRIES_split1/PF00198_metadata.tsv
6	FW_PF00198_p3	A2QTN3_ASPNC/236-469	Q6C806_YARLI/226-463	0.88676	0.4871794871794871	234	238	241	114	117	7	3	PF00198	CL0149	Domain	69	CHERRIES_split1/PF00198_metadata.tsv
7	RV_PF00198_p3	Q6C806_YARLI/226-463	A2QTN3_ASPNC/236-469	0.88676	0.4871794871794871	238	234	241	114	117	3	7	PF00198	CL0149	Domain	69	CHERRIES_split1/PF00198_metadata.tsv
8	FW_PF00198_p4	A0JUQ7_ARTS2/229-460	Q83FF4_TROWT/212-438	0.96626	0.4493392070484581	232	227	232	102	125	0	5	PF00198	CL0149	Domain	69	CHERRIES_split1/PF00198_metadata.tsv
9	RV_PF00198_p4	Q83FF4_TROWT/212-438	A0JUQ7_ARTS2/229-460	0.96626	0.4493392070484581	227	232	232	102	125	5	0	PF00198	CL0149	Domain	69	CHERRIES_split1/PF00198_metadata.tsv
10	FW_PF00198_p5	A4H464_LEIBR/234-468	Q4DDM3_TRYCC/200-436	0.81647	0.502127659574468	235	237	237	118	117	2	0	PF00198	CL0149	Domain	69	CHERRIES_split1/PF00198_metadata.tsv
11	RV_PF00198_p5	Q4DDM3_TRYCC/200-436	A4H464_LEIBR/234-468	0.81647	0.502127659574468	237	235	237	118	117	0	2	PF00198	CL0149	Domain	69	CHERRIES_split1/PF00198_metadata.tsv
12	FW_PF00198_p6	KGD_MYCS2/97-344	Q63HZ8_BURPS/252-481	2.42998	0.2521739130434782	248	230	251	58	169	3	21	PF00198	CL0149	Domain	69	CHERRIES_split1/PF00198_metadata.tsv
13	RV_PF00198_p6	Q63HZ8_BURPS/252-481	KGD_MYCS2/97-344	2.42998	0.2521739130434782	230	248	251	58	169	21	3	PF00198	CL0149	Domain	69	CHERRIES_split1/PF00198_metadata.tsv
14	FW_PF00198_p7	A9W9S5_CHLAA/229-461	Q8RD59_CALS4/185-414	1.00943	0.4782608695652174	233	230	235	110	118	2	5	PF00198	CL0149	Domain	69	CHERRIES_split1/PF00198_metadata.tsv
15	RV_PF00198_p7	Q8RD59_CALS4/185-414	A9W9S5_CHLAA/229-461	1.00943	0.4782608695652174	230	233	235	110	118	5	2	PF00198	CL0149	Domain	69	CHERRIES_split1/PF00198_metadata.tsv
16	FW_PF00198_p8	A5GAC3_GEOUR/194-419	A8FC90_BACP2/211-441	1.65795	0.3761061946902654	226	231	231	85	141	5	0	PF00198	CL0149	Domain	69	CHERRIES_split1/PF00198_metadata.tsv
17	RV_PF00198_p8	A8FC90_BACP2/211-441	A5GAC3_GEOUR/194-419	1.65795	0.3761061946902654	231	226	231	85	141	0	5	PF00198	CL0149	Domain	69	CHERRIES_split1/PF00198_metadata.tsv
18	FW_PF00198_p9	ODP2_BUCBP/176-410	Q87LU3_VIBPA/395-626	0.93388	0.4913793103448275	235	232	238	114	115	3	6	PF00198	CL0149	Domain	69	CHERRIES_split1/PF00198_metadata.tsv
19	RV_PF00198_p9	Q87LU3_VIBPA/395-626	ODP2_BUCBP/176-410	0.93388	0.4913793103448275	232	235	238	114	115	6	3	PF00198	CL0149	Domain	69	CHERRIES_split1/PF00198_metadata.tsv
20	FW_PF00198_p10	Q6MTX8_MYCMS/197-428	Q7UU97_RHOBA/235-467	1.45776	0.3836206896551724	232	233	233	89	143	1	0	PF00198	CL0149	Domain	69	CHERRIES_split1/PF00198_metadata.tsv
21	RV_PF00198_p10	Q7UU97_RHOBA/235-467	Q6MTX8_MYCMS/197-428	1.45776	0.3836206896551724	233	232	233	89	143	0	1	PF00198	CL0149	Domain	69	CHERRIES_split1/PF00198_metadata.tsv
22	FW_PF00198_p11	ODB2_ARATH/249-480	Q5KP05_CRYNJ/357-629	2.43048	0.2672413793103448	232	273	277	62	166	45	4	PF00198	CL0149	Domain	69	CHERRIES_split1/PF00198_metadata.tsv
23	RV_PF00198_p11	Q5KP05_CRYNJ/357-629	ODB2_ARATH/249-480	2.43048	0.2672413793103448	273	232	277	62	166	4	45	PF00198	CL0149	Domain	69	CHERRIES_split1/PF00198_metadata.tsv
24	FW_PF00198_p12	Q1IIF0_KORVE/320-555	Q2FY54_STAA8/193-416	1.2021700000000002	0.4196428571428571	236	224	237	94	129	1	13	PF00198	CL0149	Domain	69	CHERRIES_split1/PF00198_metadata.tsv
25	RV_PF00198_p12	Q2FY54_STAA8/193-416	Q1IIF0_KORVE/320-555	1.2021700000000002	0.4196428571428571	224	236	237	94	129	13	1	PF00198	CL0149	Domain	69	CHERRIES_split1/PF00198_metadata.tsv
26	FW_PF00198_p13	A6TMP1_ALKMQ/205-437	Q5UWH1_HALMA/304-539	0.98988	0.4678111587982833	233	236	237	109	123	4	1	PF00198	CL0149	Domain	69	CHERRIES_split1/PF00198_metadata.tsv
27	RV_PF00198_p13	Q5UWH1_HALMA/304-539	A6TMP1_ALKMQ/205-437	0.98988	0.4678111587982833	236	233	237	109	123	1	4	PF00198	CL0149	Domain	69	CHERRIES_split1/PF00198_metadata.tsv
28	FW_PF00198_p14	Q8DPQ9_STRR6/145-374	Q8RBW8_CALS4/173-398	1.6631399999999998	0.3407079646017699	230	226	235	77	144	5	9	PF00198	CL0149	Domain	69	CHERRIES_split1/PF00198_metadata.tsv
29	RV_PF00198_p14	Q8RBW8_CALS4/173-398	Q8DPQ9_STRR6/145-374	1.6631399999999998	0.3407079646017699	226	230	235	77	144	9	5	PF00198	CL0149	Domain	69	CHERRIES_split1/PF00198_metadata.tsv
30	FW_PF00198_p15	A5IXN4_MYCAP/10-243	Q6KH63_MYCMO/220-452	1.03092	0.4592274678111588	234	233	234	107	126	0	1	PF00198	CL0149	Domain	69	CHERRIES_split1/PF00198_metadata.tsv
31	RV_PF00198_p15	Q6KH63_MYCMO/220-452	A5IXN4_MYCAP/10-243	1.03092	0.4592274678111588	233	234	234	107	126	1	0	PF00198	CL0149	Domain	69	CHERRIES_split1/PF00198_metadata.tsv
32	FW_PF00198_p16	A5GEF2_GEOUR/180-403	Q67RX4_SYMTH/33-262	2.74194	0.2410714285714285	224	230	239	54	161	15	9	PF00198	CL0149	Domain	69	CHERRIES_split1/PF00198_metadata.tsv
33	RV_PF00198_p16	Q67RX4_SYMTH/33-262	A5GEF2_GEOUR/180-403	2.74194	0.2410714285714285	230	224	239	54	161	9	15	PF00198	CL0149	Domain	69	CHERRIES_split1/PF00198_metadata.tsv
34	FW_PF00198_p17	Q7MB23_PHOLL/166-382	Q87IG1_VIBPA/172-383	2.61707	0.2311320754716981	217	212	228	49	152	11	16	PF00198	CL0149	Domain	69	CHERRIES_split1/PF00198_metadata.tsv
35	RV_PF00198_p17	Q87IG1_VIBPA/172-383	Q7MB23_PHOLL/166-382	2.61707	0.2311320754716981	212	217	228	49	152	16	11	PF00198	CL0149	Domain	69	CHERRIES_split1/PF00198_metadata.tsv
36	FW_PF00198_p18	A1SQ65_NOCSJ/201-427	A4XEQ9_NOVAD/253-480	1.10324	0.4449339207048458	227	228	228	101	126	1	0	PF00198	CL0149	Domain	69	CHERRIES_split1/PF00198_metadata.tsv
37	RV_PF00198_p18	A4XEQ9_NOVAD/253-480	A1SQ65_NOCSJ/201-427	1.10324	0.4449339207048458	228	227	228	101	126	0	1	PF00198	CL0149	Domain	69	CHERRIES_split1/PF00198_metadata.tsv
38	FW_PF00198_p19	Q9KG97_HALH5/180-411	U5LA13_9BACI/162-388	1.01529	0.4493392070484581	232	227	235	102	122	3	8	PF00198	CL0149	Domain	69	CHERRIES_split1/PF00198_metadata.tsv
39	RV_PF00198_p19	U5LA13_9BACI/162-388	Q9KG97_HALH5/180-411	1.01529	0.4493392070484581	227	232	235	102	122	8	3	PF00198	CL0149	Domain	69	CHERRIES_split1/PF00198_metadata.tsv
40	FW_PF00198_p20	ODP2_MYCPN/169-401	Q6MPR6_BDEBA/309-540	1.7503	0.3663793103448275	233	232	234	85	146	1	2	PF00198	CL0149	Domain	69	CHERRIES_split1/PF00198_metadata.tsv
41	RV_PF00198_p20	Q6MPR6_BDEBA/309-540	ODP2_MYCPN/169-401	1.7503	0.3663793103448275	232	233	234	85	146	2	1	PF00198	CL0149	Domain	69	CHERRIES_split1/PF00198_metadata.tsv
42	FW_PF00198_p21	A4ICH2_LEIIN/226-463	Q018W7_OSTTA/269-503	0.9313	0.4808510638297872	238	235	243	113	117	5	8	PF00198	CL0149	Domain	69	CHERRIES_split1/PF00198_metadata.tsv
43	RV_PF00198_p21	Q018W7_OSTTA/269-503	A4ICH2_LEIIN/226-463	0.9313	0.4808510638297872	235	238	243	113	117	8	5	PF00198	CL0149	Domain	69	CHERRIES_split1/PF00198_metadata.tsv
44	FW_PF00198_p22	ODP2_SCHPO/252-483	ODP2_YEAST/248-482	0.89127	0.4913793103448275	232	235	235	114	118	3	0	PF00198	CL0149	Domain	69	CHERRIES_split1/PF00198_metadata.tsv
45	RV_PF00198_p22	ODP2_YEAST/248-482	ODP2_SCHPO/252-483	0.89127	0.4913793103448275	235	232	235	114	118	0	3	PF00198	CL0149	Domain	69	CHERRIES_split1/PF00198_metadata.tsv
46	FW_PF00198_p23	A0CLV5_PARTE/180-390	Q7PG41_ANOGA/236-467	1.21804	0.4360189573459715	211	232	233	92	118	22	1	PF00198	CL0149	Domain	69	CHERRIES_split1/PF00198_metadata.tsv
47	RV_PF00198_p23	Q7PG41_ANOGA/236-467	A0CLV5_PARTE/180-390	1.21804	0.4360189573459715	232	211	233	92	118	1	22	PF00198	CL0149	Domain	69	CHERRIES_split1/PF00198_metadata.tsv
48	FW_PF00198_p24	A5G5K2_GEOUR/156-387	Q0W153_METAR/195-425	1.0706099999999998	0.4848484848484848	232	231	235	112	116	3	4	PF00198	CL0149	Domain	69	CHERRIES_split1/PF00198_metadata.tsv
49	RV_PF00198_p24	Q0W153_METAR/195-425	A5G5K2_GEOUR/156-387	1.0706099999999998	0.4848484848484848	231	232	235	112	116	4	3	PF00198	CL0149	Domain	69	CHERRIES_split1/PF00198_metadata.tsv
50	FW_PF00198_p25	A5UU13_ROSS1/233-457	A9B180_HERA2/216-442	0.91287	0.4577777777777778	225	227	232	103	117	7	5	PF00198	CL0149	Domain	69	CHERRIES_split1/PF00198_metadata.tsv
51	RV_PF00198_p25	A9B180_HERA2/216-442	A5UU13_ROSS1/233-457	0.91287	0.4577777777777778	227	225	232	103	117	5	7	PF00198	CL0149	Domain	69	CHERRIES_split1/PF00198_metadata.tsv
52	FW_PF00198_p26	A0LLM2_SYNFM/206-441	Q1IX53_DEIGD/361-594	1.05466	0.4358974358974359	236	234	237	102	131	1	3	PF00198	CL0149	Domain	69	CHERRIES_split1/PF00198_metadata.tsv
53	RV_PF00198_p26	Q1IX53_DEIGD/361-594	A0LLM2_SYNFM/206-441	1.05466	0.4358974358974359	234	236	237	102	131	3	1	PF00198	CL0149	Domain	69	CHERRIES_split1/PF00198_metadata.tsv
54	FW_PF00198_p27	ODO2_BUCAI/188-418	Q8IEA6_PLAF7/189-419	0.83809	0.4978354978354978	231	231	231	115	116	0	0	PF00198	CL0149	Domain	69	CHERRIES_split1/PF00198_metadata.tsv
55	RV_PF00198_p27	Q8IEA6_PLAF7/189-419	ODO2_BUCAI/188-418	0.83809	0.4978354978354978	231	231	231	115	116	0	0	PF00198	CL0149	Domain	69	CHERRIES_split1/PF00198_metadata.tsv
56	FW_PF00198_p28	A7SJI4_NEMVE/174-396	B9KH21_ANAMF/208-432	1.02901	0.4484304932735426	223	225	230	100	118	7	5	PF00198	CL0149	Domain	69	CHERRIES_split1/PF00198_metadata.tsv
57	RV_PF00198_p28	B9KH21_ANAMF/208-432	A7SJI4_NEMVE/174-396	1.02901	0.4484304932735426	225	223	230	100	118	5	7	PF00198	CL0149	Domain	69	CHERRIES_split1/PF00198_metadata.tsv
58	FW_PF00198_p29	ODO2_STAA8/192-420	Q3A0D1_SYNC1/165-395	0.86063	0.5065502183406113	229	231	233	116	111	4	2	PF00198	CL0149	Domain	69	CHERRIES_split1/PF00198_metadata.tsv
59	RV_PF00198_p29	Q3A0D1_SYNC1/165-395	ODO2_STAA8/192-420	0.86063	0.5065502183406113	231	229	233	116	111	2	4	PF00198	CL0149	Domain	69	CHERRIES_split1/PF00198_metadata.tsv
60	FW_PF00198_p30	Q5HKM0_STAEQ/202-425	Q81CI7_BACCR/169-399	1.16716	0.4375	224	231	233	98	124	9	2	PF00198	CL0149	Domain	69	CHERRIES_split1/PF00198_metadata.tsv
61	RV_PF00198_p30	Q81CI7_BACCR/169-399	Q5HKM0_STAEQ/202-425	1.16716	0.4375	231	224	233	98	124	2	9	PF00198	CL0149	Domain	69	CHERRIES_split1/PF00198_metadata.tsv
62	FW_PF00198_p31	A4FGQ0_SACEN/225-452	Q73XK2_MYCPA/161-385	1.23666	0.4133333333333333	228	225	232	93	128	4	7	PF00198	CL0149	Domain	69	CHERRIES_split1/PF00198_metadata.tsv
63	RV_PF00198_p31	Q73XK2_MYCPA/161-385	A4FGQ0_SACEN/225-452	1.23666	0.4133333333333333	225	228	232	93	128	7	4	PF00198	CL0149	Domain	69	CHERRIES_split1/PF00198_metadata.tsv
64	FW_PF00198_p32	Q03DD0_PEDPA/195-427	Q9CJD7_LACLA/298-530	0.81828	0.5021459227467812	233	233	234	117	115	1	1	PF00198	CL0149	Domain	69	CHERRIES_split1/PF00198_metadata.tsv
65	RV_PF00198_p32	Q9CJD7_LACLA/298-530	Q03DD0_PEDPA/195-427	0.81828	0.5021459227467812	233	233	234	117	115	1	1	PF00198	CL0149	Domain	69	CHERRIES_split1/PF00198_metadata.tsv
66	FW_PF00198_p33	A5G2C9_ACICJ/193-425	O84249_CHLTR/201-428	0.97389	0.4736842105263157	233	228	235	108	118	2	7	PF00198	CL0149	Domain	69	CHERRIES_split1/PF00198_metadata.tsv
67	RV_PF00198_p33	O84249_CHLTR/201-428	A5G2C9_ACICJ/193-425	0.97389	0.4736842105263157	228	233	235	108	118	7	2	PF00198	CL0149	Domain	69	CHERRIES_split1/PF00198_metadata.tsv
68	FW_PF00198_p0	A7HBV2_ANADF/220-451	Q5SLR1_THET8/217-449	0.87556	0.5043103448275862	232	233	233	117	115	1	0	PF00198	CL0149	Domain	69	CHERRIES_split1/PF00198_metadata.tsv
69	RV_PF00198_p0	Q5SLR1_THET8/217-449	A7HBV2_ANADF/220-451	0.87556	0.5043103448275862	233	232	233	117	115	0	1	PF00198	CL0149	Domain	69	CHERRIES_split1/PF00198_metadata.tsv
70	FW_PF00198_p1	A0LSF1_ACIC1/217-449	O45279_CAEEL/97-322	1.36285	0.4247787610619469	233	226	235	96	128	2	9	PF00198	CL0149	Domain	69	CHERRIES_split1/PF00198_metadata.tsv
71	RV_PF00198_p1	O45279_CAEEL/97-322	A0LSF1_ACIC1/217-449	1.36285	0.4247787610619469	226	233	235	96	128	9	2	PF00198	CL0149	Domain	69	CHERRIES_split1/PF00198_metadata.tsv
72	FW_PF00198_p2	A8Z6A0_SULMW/148-370	Q8IJJ4_PLAF7/416-640	1.79561	0.3139013452914798	223	225	232	70	146	9	7	PF00198	CL0149	Domain	69	CHERRIES_split1/PF00198_metadata.tsv
73	RV_PF00198_p2	Q8IJJ4_PLAF7/416-640	A8Z6A0_SULMW/148-370	1.79561	0.3139013452914798	225	223	232	70	146	7	9	PF00198	CL0149	Domain	69	CHERRIES_split1/PF00198_metadata.tsv
74	FW_PF00198_p3	A2QTN3_ASPNC/236-469	Q6C806_YARLI/226-463	0.88676	0.4871794871794871	234	238	241	114	117	7	3	PF00198	CL0149	Domain	69	CHERRIES_split1/PF00198_metadata.tsv
75	RV_PF00198_p3	Q6C806_YARLI/226-463	A2QTN3_ASPNC/236-469	0.88676	0.4871794871794871	238	234	241	114	117	3	7	PF00198	CL0149	Domain	69	CHERRIES_split1/PF00198_metadata.tsv
76	FW_PF00198_p4	A0JUQ7_ARTS2/229-460	Q83FF4_TROWT/212-438	0.96626	0.4493392070484581	232	227	232	102	125	0	5	PF00198	CL0149	Domain	69	CHERRIES_split1/PF00198_metadata.tsv
77	RV_PF00198_p4	Q83FF4_TROWT/212-438	A0JUQ7_ARTS2/229-460	0.96626	0.4493392070484581	227	232	232	102	125	5	0	PF00198	CL0149	Domain	69	CHERRIES_split1/PF00198_metadata.tsv
78	FW_PF00198_p5	A4H464_LEIBR/234-468	Q4DDM3_TRYCC/200-436	0.81647	0.502127659574468	235	237	237	118	117	2	0	PF00198	CL0149	Domain	69	CHERRIES_split1/PF00198_metadata.tsv
79	RV_PF00198_p5	Q4DDM3_TRYCC/200-436	A4H464_LEIBR/234-468	0.81647	0.502127659574468	237	235	237	118	117	0	2	PF00198	CL0149	Domain	69	CHERRIES_split1/PF00198_metadata.tsv
80	FW_PF00198_p6	KGD_MYCS2/97-344	Q63HZ8_BURPS/252-481	2.42998	0.2521739130434782	248	230	251	58	169	3	21	PF00198	CL0149	Domain	69	CHERRIES_split1/PF00198_metadata.tsv
81	RV_PF00198_p6	Q63HZ8_BURPS/252-481	KGD_MYCS2/97-344	2.42998	0.2521739130434782	230	248	251	58	169	21	3	PF00198	CL0149	Domain	69	CHERRIES_split1/PF00198_metadata.tsv
82	FW_PF00198_p7	A9W9S5_CHLAA/229-461	Q8RD59_CALS4/185-414	1.00943	0.4782608695652174	233	230	235	110	118	2	5	PF00198	CL0149	Domain	69	CHERRIES_split1/PF00198_metadata.tsv
83	RV_PF00198_p7	Q8RD59_CALS4/185-414	A9W9S5_CHLAA/229-461	1.00943	0.4782608695652174	230	233	235	110	118	5	2	PF00198	CL0149	Domain	69	CHERRIES_split1/PF00198_metadata.tsv
84	FW_PF00198_p8	A5GAC3_GEOUR/194-419	A8FC90_BACP2/211-441	1.65795	0.3761061946902654	226	231	231	85	141	5	0	PF00198	CL0149	Domain	69	CHERRIES_split1/PF00198_metadata.tsv
85	RV_PF00198_p8	A8FC90_BACP2/211-441	A5GAC3_GEOUR/194-419	1.65795	0.3761061946902654	231	226	231	85	141	0	5	PF00198	CL0149	Domain	69	CHERRIES_split1/PF00198_metadata.tsv
86	FW_PF00198_p9	ODP2_BUCBP/176-410	Q87LU3_VIBPA/395-626	0.93388	0.4913793103448275	235	232	238	114	115	3	6	PF00198	CL0149	Domain	69	CHERRIES_split1/PF00198_metadata.tsv
87	RV_PF00198_p9	Q87LU3_VIBPA/395-626	ODP2_BUCBP/176-410	0.93388	0.4913793103448275	232	235	238	114	115	6	3	PF00198	CL0149	Domain	69	CHERRIES_split1/PF00198_metadata.tsv
88	FW_PF00198_p10	Q6MTX8_MYCMS/197-428	Q7UU97_RHOBA/235-467	1.45776	0.3836206896551724	232	233	233	89	143	1	0	PF00198	CL0149	Domain	69	CHERRIES_split1/PF00198_metadata.tsv
89	RV_PF00198_p10	Q7UU97_RHOBA/235-467	Q6MTX8_MYCMS/197-428	1.45776	0.3836206896551724	233	232	233	89	143	0	1	PF00198	CL0149	Domain	69	CHERRIES_split1/PF00198_metadata.tsv
90	FW_PF00198_p11	ODB2_ARATH/249-480	Q5KP05_CRYNJ/357-629	2.43048	0.2672413793103448	232	273	277	62	166	45	4	PF00198	CL0149	Domain	69	CHERRIES_split1/PF00198_metadata.tsv
91	RV_PF00198_p11	Q5KP05_CRYNJ/357-629	ODB2_ARATH/249-480	2.43048	0.2672413793103448	273	232	277	62	166	4	45	PF00198	CL0149	Domain	69	CHERRIES_split1/PF00198_metadata.tsv
92	FW_PF00198_p12	Q1IIF0_KORVE/320-555	Q2FY54_STAA8/193-416	1.2021700000000002	0.4196428571428571	236	224	237	94	129	1	13	PF00198	CL0149	Domain	69	CHERRIES_split1/PF00198_metadata.tsv
93	RV_PF00198_p12	Q2FY54_STAA8/193-416	Q1IIF0_KORVE/320-555	1.2021700000000002	0.4196428571428571	224	236	237	94	129	13	1	PF00198	CL0149	Domain	69	CHERRIES_split1/PF00198_metadata.tsv
94	FW_PF00198_p13	A6TMP1_ALKMQ/205-437	Q5UWH1_HALMA/304-539	0.98988	0.4678111587982833	233	236	237	109	123	4	1	PF00198	CL0149	Domain	69	CHERRIES_split1/PF00198_metadata.tsv
95	RV_PF00198_p13	Q5UWH1_HALMA/304-539	A6TMP1_ALKMQ/205-437	0.98988	0.4678111587982833	236	233	237	109	123	1	4	PF00198	CL0149	Domain	69	CHERRIES_split1/PF00198_metadata.tsv
96	FW_PF00198_p14	Q8DPQ9_STRR6/145-374	Q8RBW8_CALS4/173-398	1.6631399999999998	0.3407079646017699	230	226	235	77	144	5	9	PF00198	CL0149	Domain	69	CHERRIES_split1/PF00198_metadata.tsv
97	RV_PF00198_p14	Q8RBW8_CALS4/173-398	Q8DPQ9_STRR6/145-374	1.6631399999999998	0.3407079646017699	226	230	235	77	144	9	5	PF00198	CL0149	Domain	69	CHERRIES_split1/PF00198_metadata.tsv
98	FW_PF00198_p15	A5IXN4_MYCAP/10-243	Q6KH63_MYCMO/220-452	1.03092	0.4592274678111588	234	233	234	107	126	0	1	PF00198	CL0149	Domain	69	CHERRIES_split1/PF00198_metadata.tsv
99	RV_PF00198_p15	Q6KH63_MYCMO/220-452	A5IXN4_MYCAP/10-243	1.03092	0.4592274678111588	233	234	234	107	126	1	0	PF00198	CL0149	Domain	69	CHERRIES_split1/PF00198_metadata.tsv
100	FW_PF00198_p16	A5GEF2_GEOUR/180-403	Q67RX4_SYMTH/33-262	2.74194	0.2410714285714285	224	230	239	54	161	15	9	PF00198	CL0149	Domain	69	CHERRIES_split1/PF00198_metadata.tsv
101	RV_PF00198_p16	Q67RX4_SYMTH/33-262	A5GEF2_GEOUR/180-403	2.74194	0.2410714285714285	230	224	239	54	161	9	15	PF00198	CL0149	Domain	69	CHERRIES_split1/PF00198_metadata.tsv
102	FW_PF00198_p17	Q7MB23_PHOLL/166-382	Q87IG1_VIBPA/172-383	2.61707	0.2311320754716981	217	212	228	49	152	11	16	PF00198	CL0149	Domain	69	CHERRIES_split1/PF00198_metadata.tsv
103	RV_PF00198_p17	Q87IG1_VIBPA/172-383	Q7MB23_PHOLL/166-382	2.61707	0.2311320754716981	212	217	228	49	152	16	11	PF00198	CL0149	Domain	69	CHERRIES_split1/PF00198_metadata.tsv
104	FW_PF00198_p18	A1SQ65_NOCSJ/201-427	A4XEQ9_NOVAD/253-480	1.10324	0.4449339207048458	227	228	228	101	126	1	0	PF00198	CL0149	Domain	69	CHERRIES_split1/PF00198_metadata.tsv
105	RV_PF00198_p18	A4XEQ9_NOVAD/253-480	A1SQ65_NOCSJ/201-427	1.10324	0.4449339207048458	228	227	228	101	126	0	1	PF00198	CL0149	Domain	69	CHERRIES_split1/PF00198_metadata.tsv
106	FW_PF00198_p19	Q9KG97_HALH5/180-411	U5LA13_9BACI/162-388	1.01529	0.4493392070484581	232	227	235	102	122	3	8	PF00198	CL0149	Domain	69	CHERRIES_split1/PF00198_metadata.tsv
107	RV_PF00198_p19	U5LA13_9BACI/162-388	Q9KG97_HALH5/180-411	1.01529	0.4493392070484581	227	232	235	102	122	8	3	PF00198	CL0149	Domain	69	CHERRIES_split1/PF00198_metadata.tsv
108	FW_PF00198_p20	ODP2_MYCPN/169-401	Q6MPR6_BDEBA/309-540	1.7503	0.3663793103448275	233	232	234	85	146	1	2	PF00198	CL0149	Domain	69	CHERRIES_split1/PF00198_metadata.tsv
109	RV_PF00198_p20	Q6MPR6_BDEBA/309-540	ODP2_MYCPN/169-401	1.7503	0.3663793103448275	232	233	234	85	146	2	1	PF00198	CL0149	Domain	69	CHERRIES_split1/PF00198_metadata.tsv
110	FW_PF00198_p21	A4ICH2_LEIIN/226-463	Q018W7_OSTTA/269-503	0.9313	0.4808510638297872	238	235	243	113	117	5	8	PF00198	CL0149	Domain	69	CHERRIES_split1/PF00198_metadata.tsv
111	RV_PF00198_p21	Q018W7_OSTTA/269-503	A4ICH2_LEIIN/226-463	0.9313	0.4808510638297872	235	238	243	113	117	8	5	PF00198	CL0149	Domain	69	CHERRIES_split1/PF00198_metadata.tsv
112	FW_PF00198_p22	ODP2_SCHPO/252-483	ODP2_YEAST/248-482	0.89127	0.4913793103448275	232	235	235	114	118	3	0	PF00198	CL0149	Domain	69	CHERRIES_split1/PF00198_metadata.tsv
113	RV_PF00198_p22	ODP2_YEAST/248-482	ODP2_SCHPO/252-483	0.89127	0.4913793103448275	235	232	235	114	118	0	3	PF00198	CL0149	Domain	69	CHERRIES_split1/PF00198_metadata.tsv
114	FW_PF00198_p23	A0CLV5_PARTE/180-390	Q7PG41_ANOGA/236-467	1.21804	0.4360189573459715	211	232	233	92	118	22	1	PF00198	CL0149	Domain	69	CHERRIES_split1/PF00198_metadata.tsv
115	RV_PF00198_p23	Q7PG41_ANOGA/236-467	A0CLV5_PARTE/180-390	1.21804	0.4360189573459715	232	211	233	92	118	1	22	PF00198	CL0149	Domain	69	CHERRIES_split1/PF00198_metadata.tsv
116	FW_PF00198_p24	A5G5K2_GEOUR/156-387	Q0W153_METAR/195-425	1.0706099999999998	0.4848484848484848	232	231	235	112	116	3	4	PF00198	CL0149	Domain	69	CHERRIES_split1/PF00198_metadata.tsv
117	RV_PF00198_p24	Q0W153_METAR/195-425	A5G5K2_GEOUR/156-387	1.0706099999999998	0.4848484848484848	231	232	235	112	116	4	3	PF00198	CL0149	Domain	69	CHERRIES_split1/PF00198_metadata.tsv
118	FW_PF00198_p25	A5UU13_ROSS1/233-457	A9B180_HERA2/216-442	0.91287	0.4577777777777778	225	227	232	103	117	7	5	PF00198	CL0149	Domain	69	CHERRIES_split1/PF00198_metadata.tsv
119	RV_PF00198_p25	A9B180_HERA2/216-442	A5UU13_ROSS1/233-457	0.91287	0.4577777777777778	227	225	232	103	117	5	7	PF00198	CL0149	Domain	69	CHERRIES_split1/PF00198_metadata.tsv
120	FW_PF00198_p26	A0LLM2_SYNFM/206-441	Q1IX53_DEIGD/361-594	1.05466	0.4358974358974359	236	234	237	102	131	1	3	PF00198	CL0149	Domain	69	CHERRIES_split1/PF00198_metadata.tsv
121	RV_PF00198_p26	Q1IX53_DEIGD/361-594	A0LLM2_SYNFM/206-441	1.05466	0.4358974358974359	234	236	237	102	131	3	1	PF00198	CL0149	Domain	69	CHERRIES_split1/PF00198_metadata.tsv
122	FW_PF00198_p27	ODO2_BUCAI/188-418	Q8IEA6_PLAF7/189-419	0.83809	0.4978354978354978	231	231	231	115	116	0	0	PF00198	CL0149	Domain	69	CHERRIES_split1/PF00198_metadata.tsv
123	RV_PF00198_p27	Q8IEA6_PLAF7/189-419	ODO2_BUCAI/188-418	0.83809	0.4978354978354978	231	231	231	115	116	0	0	PF00198	CL0149	Domain	69	CHERRIES_split1/PF00198_metadata.tsv
124	FW_PF00198_p28	A7SJI4_NEMVE/174-396	B9KH21_ANAMF/208-432	1.02901	0.4484304932735426	223	225	230	100	118	7	5	PF00198	CL0149	Domain	69	CHERRIES_split1/PF00198_metadata.tsv
125	RV_PF00198_p28	B9KH21_ANAMF/208-432	A7SJI4_NEMVE/174-396	1.02901	0.4484304932735426	225	223	230	100	118	5	7	PF00198	CL0149	Domain	69	CHERRIES_split1/PF00198_metadata.tsv
126	FW_PF00198_p29	ODO2_STAA8/192-420	Q3A0D1_SYNC1/165-395	0.86063	0.5065502183406113	229	231	233	116	111	4	2	PF00198	CL0149	Domain	69	CHERRIES_split1/PF00198_metadata.tsv
127	RV_PF00198_p29	Q3A0D1_SYNC1/165-395	ODO2_STAA8/192-420	0.86063	0.5065502183406113	231	229	233	116	111	2	4	PF00198	CL0149	Domain	69	CHERRIES_split1/PF00198_metadata.tsv
128	FW_PF00198_p30	Q5HKM0_STAEQ/202-425	Q81CI7_BACCR/169-399	1.16716	0.4375	224	231	233	98	124	9	2	PF00198	CL0149	Domain	69	CHERRIES_split1/PF00198_metadata.tsv
129	RV_PF00198_p30	Q81CI7_BACCR/169-399	Q5HKM0_STAEQ/202-425	1.16716	0.4375	231	224	233	98	124	2	9	PF00198	CL0149	Domain	69	CHERRIES_split1/PF00198_metadata.tsv
130	FW_PF00198_p31	A4FGQ0_SACEN/225-452	Q73XK2_MYCPA/161-385	1.23666	0.4133333333333333	228	225	232	93	128	4	7	PF00198	CL0149	Domain	69	CHERRIES_split1/PF00198_metadata.tsv
131	RV_PF00198_p31	Q73XK2_MYCPA/161-385	A4FGQ0_SACEN/225-452	1.23666	0.4133333333333333	225	228	232	93	128	7	4	PF00198	CL0149	Domain	69	CHERRIES_split1/PF00198_metadata.tsv
132	FW_PF00198_p32	Q03DD0_PEDPA/195-427	Q9CJD7_LACLA/298-530	0.81828	0.5021459227467812	233	233	234	117	115	1	1	PF00198	CL0149	Domain	69	CHERRIES_split1/PF00198_metadata.tsv
133	RV_PF00198_p32	Q9CJD7_LACLA/298-530	Q03DD0_PEDPA/195-427	0.81828	0.5021459227467812	233	233	234	117	115	1	1	PF00198	CL0149	Domain	69	CHERRIES_split1/PF00198_metadata.tsv
134	FW_PF00198_p33	A5G2C9_ACICJ/193-425	O84249_CHLTR/201-428	0.97389	0.4736842105263157	233	228	235	108	118	2	7	PF00198	CL0149	Domain	69	CHERRIES_split1/PF00198_metadata.tsv
135	RV_PF00198_p33	O84249_CHLTR/201-428	A5G2C9_ACICJ/193-425	0.97389	0.4736842105263157	228	233	235	108	118	7	2	PF00198	CL0149	Domain	69	CHERRIES_split1/PF00198_metadata.tsv
136	FW_PF00198_p0	A7HBV2_ANADF/220-451	Q5SLR1_THET8/217-449	0.87556	0.5043103448275862	232	233	233	117	115	1	0	PF00198	CL0149	Domain	69	CHERRIES_split1/PF00198_metadata.tsv
137	RV_PF00198_p0	Q5SLR1_THET8/217-449	A7HBV2_ANADF/220-451	0.87556	0.5043103448275862	233	232	233	117	115	0	1	PF00198	CL0149	Domain	69	CHERRIES_split1/PF00198_metadata.tsv
138	FW_PF00198_p1	A0LSF1_ACIC1/217-449	O45279_CAEEL/97-322	1.36285	0.4247787610619469	233	226	235	96	128	2	9	PF00198	CL0149	Domain	69	CHERRIES_split1/PF00198_metadata.tsv
139	RV_PF00198_p1	O45279_CAEEL/97-322	A0LSF1_ACIC1/217-449	1.36285	0.4247787610619469	226	233	235	96	128	9	2	PF00198	CL0149	Domain	69	CHERRIES_split1/PF00198_metadata.tsv
140	FW_PF00198_p2	A8Z6A0_SULMW/148-370	Q8IJJ4_PLAF7/416-640	1.79561	0.3139013452914798	223	225	232	70	146	9	7	PF00198	CL0149	Domain	69	CHERRIES_split1/PF00198_metadata.tsv
141	RV_PF00198_p2	Q8IJJ4_PLAF7/416-640	A8Z6A0_SULMW/148-370	1.79561	0.3139013452914798	225	223	232	70	146	7	9	PF00198	CL0149	Domain	69	CHERRIES_split1/PF00198_metadata.tsv
142	FW_PF00198_p3	A2QTN3_ASPNC/236-469	Q6C806_YARLI/226-463	0.88676	0.4871794871794871	234	238	241	114	117	7	3	PF00198	CL0149	Domain	69	CHERRIES_split1/PF00198_metadata.tsv
143	RV_PF00198_p3	Q6C806_YARLI/226-463	A2QTN3_ASPNC/236-469	0.88676	0.4871794871794871	238	234	241	114	117	3	7	PF00198	CL0149	Domain	69	CHERRIES_split1/PF00198_metadata.tsv
144	FW_PF00198_p4	A0JUQ7_ARTS2/229-460	Q83FF4_TROWT/212-438	0.96626	0.4493392070484581	232	227	232	102	125	0	5	PF00198	CL0149	Domain	69	CHERRIES_split1/PF00198_metadata.tsv
145	RV_PF00198_p4	Q83FF4_TROWT/212-438	A0JUQ7_ARTS2/229-460	0.96626	0.4493392070484581	227	232	232	102	125	5	0	PF00198	CL0149	Domain	69	CHERRIES_split1/PF00198_metadata.tsv
146	FW_PF00198_p5	A4H464_LEIBR/234-468	Q4DDM3_TRYCC/200-436	0.81647	0.502127659574468	235	237	237	118	117	2	0	PF00198	CL0149	Domain	69	CHERRIES_split1/PF00198_metadata.tsv
147	RV_PF00198_p5	Q4DDM3_TRYCC/200-436	A4H464_LEIBR/234-468	0.81647	0.502127659574468	237	235	237	118	117	0	2	PF00198	CL0149	Domain	69	CHERRIES_split1/PF00198_metadata.tsv
148	FW_PF00198_p6	KGD_MYCS2/97-344	Q63HZ8_BURPS/252-481	2.42998	0.2521739130434782	248	230	251	58	169	3	21	PF00198	CL0149	Domain	69	CHERRIES_split1/PF00198_metadata.tsv
149	RV_PF00198_p6	Q63HZ8_BURPS/252-481	KGD_MYCS2/97-344	2.42998	0.2521739130434782	230	248	251	58	169	21	3	PF00198	CL0149	Domain	69	CHERRIES_split1/PF00198_metadata.tsv
150	FW_PF00198_p7	A9W9S5_CHLAA/229-461	Q8RD59_CALS4/185-414	1.00943	0.4782608695652174	233	230	235	110	118	2	5	PF00198	CL0149	Domain	69	CHERRIES_split1/PF00198_metadata.tsv
151	RV_PF00198_p7	Q8RD59_CALS4/185-414	A9W9S5_CHLAA/229-461	1.00943	0.4782608695652174	230	233	235	110	118	5	2	PF00198	CL0149	Domain	69	CHERRIES_split1/PF00198_metadata.tsv
152	FW_PF00198_p8	A5GAC3_GEOUR/194-419	A8FC90_BACP2/211-441	1.65795	0.3761061946902654	226	231	231	85	141	5	0	PF00198	CL0149	Domain	69	CHERRIES_split1/PF00198_metadata.tsv
153	RV_PF00198_p8	A8FC90_BACP2/211-441	A5GAC3_GEOUR/194-419	1.65795	0.3761061946902654	231	226	231	85	141	0	5	PF00198	CL0149	Domain	69	CHERRIES_split1/PF00198_metadata.tsv
154	FW_PF00198_p9	ODP2_BUCBP/176-410	Q87LU3_VIBPA/395-626	0.93388	0.4913793103448275	235	232	238	114	115	3	6	PF00198	CL0149	Domain	69	CHERRIES_split1/PF00198_metadata.tsv
155	RV_PF00198_p9	Q87LU3_VIBPA/395-626	ODP2_BUCBP/176-410	0.93388	0.4913793103448275	232	235	238	114	115	6	3	PF00198	CL0149	Domain	69	CHERRIES_split1/PF00198_metadata.tsv
156	FW_PF00198_p10	Q6MTX8_MYCMS/197-428	Q7UU97_RHOBA/235-467	1.45776	0.3836206896551724	232	233	233	89	143	1	0	PF00198	CL0149	Domain	69	CHERRIES_split1/PF00198_metadata.tsv
157	RV_PF00198_p10	Q7UU97_RHOBA/235-467	Q6MTX8_MYCMS/197-428	1.45776	0.3836206896551724	233	232	233	89	143	0	1	PF00198	CL0149	Domain	69	CHERRIES_split1/PF00198_metadata.tsv
158	FW_PF00198_p11	ODB2_ARATH/249-480	Q5KP05_CRYNJ/357-629	2.43048	0.2672413793103448	232	273	277	62	166	45	4	PF00198	CL0149	Domain	69	CHERRIES_split1/PF00198_metadata.tsv
159	RV_PF00198_p11	Q5KP05_CRYNJ/357-629	ODB2_ARATH/249-480	2.43048	0.2672413793103448	273	232	277	62	166	4	45	PF00198	CL0149	Domain	69	CHERRIES_split1/PF00198_metadata.tsv
160	FW_PF00198_p12	Q1IIF0_KORVE/320-555	Q2FY54_STAA8/193-416	1.2021700000000002	0.4196428571428571	236	224	237	94	129	1	13	PF00198	CL0149	Domain	69	CHERRIES_split1/PF00198_metadata.tsv
161	RV_PF00198_p12	Q2FY54_STAA8/193-416	Q1IIF0_KORVE/320-555	1.2021700000000002	0.4196428571428571	224	236	237	94	129	13	1	PF00198	CL0149	Domain	69	CHERRIES_split1/PF00198_metadata.tsv
162	FW_PF00198_p13	A6TMP1_ALKMQ/205-437	Q5UWH1_HALMA/304-539	0.98988	0.4678111587982833	233	236	237	109	123	4	1	PF00198	CL0149	Domain	69	CHERRIES_split1/PF00198_metadata.tsv
163	RV_PF00198_p13	Q5UWH1_HALMA/304-539	A6TMP1_ALKMQ/205-437	0.98988	0.4678111587982833	236	233	237	109	123	1	4	PF00198	CL0149	Domain	69	CHERRIES_split1/PF00198_metadata.tsv
164	FW_PF00198_p14	Q8DPQ9_STRR6/145-374	Q8RBW8_CALS4/173-398	1.6631399999999998	0.3407079646017699	230	226	235	77	144	5	9	PF00198	CL0149	Domain	69	CHERRIES_split1/PF00198_metadata.tsv
165	RV_PF00198_p14	Q8RBW8_CALS4/173-398	Q8DPQ9_STRR6/145-374	1.6631399999999998	0.3407079646017699	226	230	235	77	144	9	5	PF00198	CL0149	Domain	69	CHERRIES_split1/PF00198_metadata.tsv
166	FW_PF00198_p15	A5IXN4_MYCAP/10-243	Q6KH63_MYCMO/220-452	1.03092	0.4592274678111588	234	233	234	107	126	0	1	PF00198	CL0149	Domain	69	CHERRIES_split1/PF00198_metadata.tsv
167	RV_PF00198_p15	Q6KH63_MYCMO/220-452	A5IXN4_MYCAP/10-243	1.03092	0.4592274678111588	233	234	234	107	126	1	0	PF00198	CL0149	Domain	69	CHERRIES_split1/PF00198_metadata.tsv
168	FW_PF00198_p16	A5GEF2_GEOUR/180-403	Q67RX4_SYMTH/33-262	2.74194	0.2410714285714285	224	230	239	54	161	15	9	PF00198	CL0149	Domain	69	CHERRIES_split1/PF00198_metadata.tsv
169	RV_PF00198_p16	Q67RX4_SYMTH/33-262	A5GEF2_GEOUR/180-403	2.74194	0.2410714285714285	230	224	239	54	161	9	15	PF00198	CL0149	Domain	69	CHERRIES_split1/PF00198_metadata.tsv
170	FW_PF00198_p17	Q7MB23_PHOLL/166-382	Q87IG1_VIBPA/172-383	2.61707	0.2311320754716981	217	212	228	49	152	11	16	PF00198	CL0149	Domain	69	CHERRIES_split1/PF00198_metadata.tsv
171	RV_PF00198_p17	Q87IG1_VIBPA/172-383	Q7MB23_PHOLL/166-382	2.61707	0.2311320754716981	212	217	228	49	152	16	11	PF00198	CL0149	Domain	69	CHERRIES_split1/PF00198_metadata.tsv
172	FW_PF00198_p18	A1SQ65_NOCSJ/201-427	A4XEQ9_NOVAD/253-480	1.10324	0.4449339207048458	227	228	228	101	126	1	0	PF00198	CL0149	Domain	69	CHERRIES_split1/PF00198_metadata.tsv
173	RV_PF00198_p18	A4XEQ9_NOVAD/253-480	A1SQ65_NOCSJ/201-427	1.10324	0.4449339207048458	228	227	228	101	126	0	1	PF00198	CL0149	Domain	69	CHERRIES_split1/PF00198_metadata.tsv
174	FW_PF00198_p19	Q9KG97_HALH5/180-411	U5LA13_9BACI/162-388	1.01529	0.4493392070484581	232	227	235	102	122	3	8	PF00198	CL0149	Domain	69	CHERRIES_split1/PF00198_metadata.tsv
175	RV_PF00198_p19	U5LA13_9BACI/162-388	Q9KG97_HALH5/180-411	1.01529	0.4493392070484581	227	232	235	102	122	8	3	PF00198	CL0149	Domain	69	CHERRIES_split1/PF00198_metadata.tsv
176	FW_PF00198_p20	ODP2_MYCPN/169-401	Q6MPR6_BDEBA/309-540	1.7503	0.3663793103448275	233	232	234	85	146	1	2	PF00198	CL0149	Domain	69	CHERRIES_split1/PF00198_metadata.tsv
177	RV_PF00198_p20	Q6MPR6_BDEBA/309-540	ODP2_MYCPN/169-401	1.7503	0.3663793103448275	232	233	234	85	146	2	1	PF00198	CL0149	Domain	69	CHERRIES_split1/PF00198_metadata.tsv
178	FW_PF00198_p21	A4ICH2_LEIIN/226-463	Q018W7_OSTTA/269-503	0.9313	0.4808510638297872	238	235	243	113	117	5	8	PF00198	CL0149	Domain	69	CHERRIES_split1/PF00198_metadata.tsv
179	RV_PF00198_p21	Q018W7_OSTTA/269-503	A4ICH2_LEIIN/226-463	0.9313	0.4808510638297872	235	238	243	113	117	8	5	PF00198	CL0149	Domain	69	CHERRIES_split1/PF00198_metadata.tsv
180	FW_PF00198_p22	ODP2_SCHPO/252-483	ODP2_YEAST/248-482	0.89127	0.4913793103448275	232	235	235	114	118	3	0	PF00198	CL0149	Domain	69	CHERRIES_split1/PF00198_metadata.tsv
181	RV_PF00198_p22	ODP2_YEAST/248-482	ODP2_SCHPO/252-483	0.89127	0.4913793103448275	235	232	235	114	118	0	3	PF00198	CL0149	Domain	69	CHERRIES_split1/PF00198_metadata.tsv
182	FW_PF00198_p23	A0CLV5_PARTE/180-390	Q7PG41_ANOGA/236-467	1.21804	0.4360189573459715	211	232	233	92	118	22	1	PF00198	CL0149	Domain	69	CHERRIES_split1/PF00198_metadata.tsv
183	RV_PF00198_p23	Q7PG41_ANOGA/236-467	A0CLV5_PARTE/180-390	1.21804	0.4360189573459715	232	211	233	92	118	1	22	PF00198	CL0149	Domain	69	CHERRIES_split1/PF00198_metadata.tsv
184	FW_PF00198_p24	A5G5K2_GEOUR/156-387	Q0W153_METAR/195-425	1.0706099999999998	0.4848484848484848	232	231	235	112	116	3	4	PF00198	CL0149	Domain	69	CHERRIES_split1/PF00198_metadata.tsv
185	RV_PF00198_p24	Q0W153_METAR/195-425	A5G5K2_GEOUR/156-387	1.0706099999999998	0.4848484848484848	231	232	235	112	116	4	3	PF00198	CL0149	Domain	69	CHERRIES_split1/PF00198_metadata.tsv
186	FW_PF00198_p25	A5UU13_ROSS1/233-457	A9B180_HERA2/216-442	0.91287	0.4577777777777778	225	227	232	103	117	7	5	PF00198	CL0149	Domain	69	CHERRIES_split1/PF00198_metadata.tsv
187	RV_PF00198_p25	A9B180_HERA2/216-442	A5UU13_ROSS1/233-457	0.91287	0.4577777777777778	227	225	232	103	117	5	7	PF00198	CL0149	Domain	69	CHERRIES_split1/PF00198_metadata.tsv
188	FW_PF00198_p26	A0LLM2_SYNFM/206-441	Q1IX53_DEIGD/361-594	1.05466	0.4358974358974359	236	234	237	102	131	1	3	PF00198	CL0149	Domain	69	CHERRIES_split1/PF00198_metadata.tsv
189	RV_PF00198_p26	Q1IX53_DEIGD/361-594	A0LLM2_SYNFM/206-441	1.05466	0.4358974358974359	234	236	237	102	131	3	1	PF00198	CL0149	Domain	69	CHERRIES_split1/PF00198_metadata.tsv
190	FW_PF00198_p27	ODO2_BUCAI/188-418	Q8IEA6_PLAF7/189-419	0.83809	0.4978354978354978	231	231	231	115	116	0	0	PF00198	CL0149	Domain	69	CHERRIES_split1/PF00198_metadata.tsv
191	RV_PF00198_p27	Q8IEA6_PLAF7/189-419	ODO2_BUCAI/188-418	0.83809	0.4978354978354978	231	231	231	115	116	0	0	PF00198	CL0149	Domain	69	CHERRIES_split1/PF00198_metadata.tsv
192	FW_PF00198_p28	A7SJI4_NEMVE/174-396	B9KH21_ANAMF/208-432	1.02901	0.4484304932735426	223	225	230	100	118	7	5	PF00198	CL0149	Domain	69	CHERRIES_split1/PF00198_metadata.tsv
193	RV_PF00198_p28	B9KH21_ANAMF/208-432	A7SJI4_NEMVE/174-396	1.02901	0.4484304932735426	225	223	230	100	118	5	7	PF00198	CL0149	Domain	69	CHERRIES_split1/PF00198_metadata.tsv
194	FW_PF00198_p29	ODO2_STAA8/192-420	Q3A0D1_SYNC1/165-395	0.86063	0.5065502183406113	229	231	233	116	111	4	2	PF00198	CL0149	Domain	69	CHERRIES_split1/PF00198_metadata.tsv
195	RV_PF00198_p29	Q3A0D1_SYNC1/165-395	ODO2_STAA8/192-420	0.86063	0.5065502183406113	231	229	233	116	111	2	4	PF00198	CL0149	Domain	69	CHERRIES_split1/PF00198_metadata.tsv
196	FW_PF00198_p30	Q5HKM0_STAEQ/202-425	Q81CI7_BACCR/169-399	1.16716	0.4375	224	231	233	98	124	9	2	PF00198	CL0149	Domain	69	CHERRIES_split1/PF00198_metadata.tsv
197	RV_PF00198_p30	Q81CI7_BACCR/169-399	Q5HKM0_STAEQ/202-425	1.16716	0.4375	231	224	233	98	124	2	9	PF00198	CL0149	Domain	69	CHERRIES_split1/PF00198_metadata.tsv
198	FW_PF00198_p31	A4FGQ0_SACEN/225-452	Q73XK2_MYCPA/161-385	1.23666	0.4133333333333333	228	225	232	93	128	4	7	PF00198	CL0149	Domain	69	CHERRIES_split1/PF00198_metadata.tsv
199	RV_PF00198_p31	Q73XK2_MYCPA/161-385	A4FGQ0_SACEN/225-452	1.23666	0.4133333333333333	225	228	232	93	128	7	4	PF00198	CL0149	Domain	69	CHERRIES_split1/PF00198_metadata.tsv
200	FW_PF00198_p32	Q03DD0_PEDPA/195-427	Q9CJD7_LACLA/298-530	0.81828	0.5021459227467812	233	233	234	117	115	1	1	PF00198	CL0149	Domain	69	CHERRIES_split1/PF00198_metadata.tsv
201	RV_PF00198_p32	Q9CJD7_LACLA/298-530	Q03DD0_PEDPA/195-427	0.81828	0.5021459227467812	233	233	234	117	115	1	1	PF00198	CL0149	Domain	69	CHERRIES_split1/PF00198_metadata.tsv
202	FW_PF00198_p33	A5G2C9_ACICJ/193-425	O84249_CHLTR/201-428	0.97389	0.4736842105263157	233	228	235	108	118	2	7	PF00198	CL0149	Domain	69	CHERRIES_split1/PF00198_metadata.tsv
203	RV_PF00198_p33	O84249_CHLTR/201-428	A5G2C9_ACICJ/193-425	0.97389	0.4736842105263157	228	233	235	108	118	7	2	PF00198	CL0149	Domain	69	CHERRIES_split1/PF00198_metadata.tsv
204	FW_PF16998_p0	B9JSN2_AGRVS/36-149	Q2YMD0_BRUA2/40-156	1.47429	0.3684210526315789	114	117	120	42	69	6	3	PF16998	CL0500	Family	6	CHERRIES_split1/PF16998_metadata.tsv
205	RV_PF16998_p0	Q2YMD0_BRUA2/40-156	B9JSN2_AGRVS/36-149	1.47429	0.3684210526315789	117	114	120	42	69	3	6	PF16998	CL0500	Family	6	CHERRIES_split1/PF16998_metadata.tsv
206	FW_PF16998_p1	A4YQ22_BRASO/19-131	Q6NAI8_RHOPA/19-133	0.4997399999999999	0.6283185840707964	113	115	116	71	41	3	1	PF16998	CL0500	Family	6	CHERRIES_split1/PF16998_metadata.tsv
207	RV_PF16998_p1	Q6NAI8_RHOPA/19-133	A4YQ22_BRASO/19-131	0.4997399999999999	0.6283185840707964	115	113	116	71	41	1	3	PF16998	CL0500	Family	6	CHERRIES_split1/PF16998_metadata.tsv
208	FW_PF16998_p2	B9JAN2_AGRRK/36-151	Q92RH7_RHIME/38-149	0.75198	0.5357142857142857	116	112	117	60	51	1	5	PF16998	CL0500	Family	6	CHERRIES_split1/PF16998_metadata.tsv
209	RV_PF16998_p2	Q92RH7_RHIME/38-149	B9JAN2_AGRRK/36-151	0.75198	0.5357142857142857	112	116	117	60	51	5	1	PF16998	CL0500	Family	6	CHERRIES_split1/PF16998_metadata.tsv
210	FW_PF16998_p0	B9JSN2_AGRVS/36-149	Q2YMD0_BRUA2/40-156	1.47429	0.3684210526315789	114	117	120	42	69	6	3	PF16998	CL0500	Family	6	CHERRIES_split1/PF16998_metadata.tsv
211	RV_PF16998_p0	Q2YMD0_BRUA2/40-156	B9JSN2_AGRVS/36-149	1.47429	0.3684210526315789	117	114	120	42	69	3	6	PF16998	CL0500	Family	6	CHERRIES_split1/PF16998_metadata.tsv
212	FW_PF16998_p1	A4YQ22_BRASO/19-131	Q6NAI8_RHOPA/19-133	0.4997399999999999	0.6283185840707964	113	115	116	71	41	3	1	PF16998	CL0500	Family	6	CHERRIES_split1/PF16998_metadata.tsv
213	RV_PF16998_p1	Q6NAI8_RHOPA/19-133	A4YQ22_BRASO/19-131	0.4997399999999999	0.6283185840707964	115	113	116	71	41	1	3	PF16998	CL0500	Family	6	CHERRIES_split1/PF16998_metadata.tsv
214	FW_PF16998_p2	B9JAN2_AGRRK/36-151	Q92RH7_RHIME/38-149	0.75198	0.5357142857142857	116	112	117	60	51	1	5	PF16998	CL0500	Family	6	CHERRIES_split1/PF16998_metadata.tsv
215	RV_PF16998_p2	Q92RH7_RHIME/38-149	B9JAN2_AGRRK/36-151	0.75198	0.5357142857142857	112	116	117	60	51	5	1	PF16998	CL0500	Family	6	CHERRIES_split1/PF16998_metadata.tsv
216	FW_PF16998_p0	B9JSN2_AGRVS/36-149	Q2YMD0_BRUA2/40-156	1.47429	0.3684210526315789	114	117	120	42	69	6	3	PF16998	CL0500	Family	6	CHERRIES_split1/PF16998_metadata.tsv
217	RV_PF16998_p0	Q2YMD0_BRUA2/40-156	B9JSN2_AGRVS/36-149	1.47429	0.3684210526315789	117	114	120	42	69	3	6	PF16998	CL0500	Family	6	CHERRIES_split1/PF16998_metadata.tsv
218	FW_PF16998_p1	A4YQ22_BRASO/19-131	Q6NAI8_RHOPA/19-133	0.4997399999999999	0.6283185840707964	113	115	116	71	41	3	1	PF16998	CL0500	Family	6	CHERRIES_split1/PF16998_metadata.tsv
219	RV_PF16998_p1	Q6NAI8_RHOPA/19-133	A4YQ22_BRASO/19-131	0.4997399999999999	0.6283185840707964	115	113	116	71	41	1	3	PF16998	CL0500	Family	6	CHERRIES_split1/PF16998_metadata.tsv
220	FW_PF16998_p2	B9JAN2_AGRRK/36-151	Q92RH7_RHIME/38-149	0.75198	0.5357142857142857	116	112	117	60	51	1	5	PF16998	CL0500	Family	6	CHERRIES_split1/PF16998_metadata.tsv
221	RV_PF16998_p2	Q92RH7_RHIME/38-149	B9JAN2_AGRRK/36-151	0.75198	0.5357142857142857	112	116	117	60	51	5	1	PF16998	CL0500	Family	6	CHERRIES_split1/PF16998_metadata.tsv
