	pairID	ancestor	descendant	TREEDIST_anc-to-desc	perc_seq_id	anc_seq_len	desc_seq_len	alignment_len	num_matches	num_subs	num_ins	num_dels	pfam	clan	type	pfam_Nseqs
0	FW_PF16998_p0	B9JSN2_AGRVS/36-149	Q2YMD0_BRUA2/40-156	1.4742899999999999	0.3684210526315789	114	117	120	42	69	6	3	PF16998	CL0500	Family	6
1	RV_PF16998_p0	Q2YMD0_BRUA2/40-156	B9JSN2_AGRVS/36-149	1.4742899999999999	0.3684210526315789	117	114	120	42	69	3	6	PF16998	CL0500	Family	6
2	FW_PF16998_p1	A4YQ22_BRASO/19-131	Q6NAI8_RHOPA/19-133	0.49973999999999996	0.6283185840707964	113	115	116	71	41	3	1	PF16998	CL0500	Family	6
3	RV_PF16998_p1	Q6NAI8_RHOPA/19-133	A4YQ22_BRASO/19-131	0.49973999999999996	0.6283185840707964	115	113	116	71	41	1	3	PF16998	CL0500	Family	6
4	FW_PF16998_p2	B9JAN2_AGRRK/36-151	Q92RH7_RHIME/38-149	0.75198	0.5357142857142857	116	112	117	60	51	1	5	PF16998	CL0500	Family	6
5	RV_PF16998_p2	Q92RH7_RHIME/38-149	B9JAN2_AGRRK/36-151	0.75198	0.5357142857142857	112	116	117	60	51	5	1	PF16998	CL0500	Family	6
